deviceId;deviceName;DictSourceRead;DictSourceWordCount;DictSourceMemory;DictSourceWordsSort;DictBuild;DictMemory;DictLevels;Depth;BookRead;BookWordCount;BookMemory;Find;BookSort;FindSorted;HitRate;
1;GeForceGTX970;321391022;466544;85844456;65306095;200441805;988726160;{1,26,618,5798,29093,76215,120313,144819,145223,125940,100863,74686,51387,32974,19754,11183,6075,3051,1510,710,318,138,56,24,13,9,9,6,4,2,2,1,1,1,1,1,1,1,1,1,1,1,1,1,1,};45;68072687;157838;29042552;2899455;31921656;1692160;0.992987;
1;GeForceGTX970;321391022;466544;85844456;65306095;200441805;988726160;{1,26,618,5798,29093,76215,120313,144819,145223,125940,100863,74686,51387,32974,19754,11183,6075,3051,1510,710,318,138,56,24,13,9,9,6,4,2,2,1,1,1,1,1,1,1,1,1,1,1,1,1,1,};45;34729207;78730;14486680;1644544;26653945;1041664;0.994157;
1;GeForceGTX970;321391022;466544;85844456;65306095;200441805;988726160;{1,26,618,5798,29093,76215,120313,144819,145223,125940,100863,74686,51387,32974,19754,11183,6075,3051,1510,710,318,138,56,24,13,9,9,6,4,2,2,1,1,1,1,1,1,1,1,1,1,1,1,1,1,};45;35459831;68313;12569952;1754368;26796281;1031167;0.995242;
1;GeForceGTX970;321391022;466544;85844456;65306095;200441805;988726160;{1,26,618,5798,29093,76215,120313,144819,145223,125940,100863,74686,51387,32974,19754,11183,6075,3051,1510,710,318,138,56,24,13,9,9,6,4,2,2,1,1,1,1,1,1,1,1,1,1,1,1,1,1,};45;118879969;83024;15276776;1595392;27326969;1054976;0.926118;
1;GeForceGTX970;321391022;466544;85844456;65306095;200441805;988726160;{1,26,618,5798,29093,76215,120313,144819,145223,125940,100863,74686,51387,32974,19754,11183,6075,3051,1510,710,318,138,56,24,13,9,9,6,4,2,2,1,1,1,1,1,1,1,1,1,1,1,1,1,1,};45;124109280;295247;54325808;5304575;47436020;2870527;0.971187;
1;GeForceGTX970;321391022;466544;85844456;65306095;200441805;988726160;{1,26,618,5798,29093,76215,120313,144819,145223,125940,100863,74686,51387,32974,19754,11183,6075,3051,1510,710,318,138,56,24,13,9,9,6,4,2,2,1,1,1,1,1,1,1,1,1,1,1,1,1,1,};45;12264701;25322;4659608;875520;12258813;778496;0.996920;
1;GeForceGTX970;321391022;466544;85844456;65306095;200441805;988726160;{1,26,618,5798,29093,76215,120313,144819,145223,125940,100863,74686,51387,32974,19754,11183,6075,3051,1510,710,318,138,56,24,13,9,9,6,4,2,2,1,1,1,1,1,1,1,1,1,1,1,1,1,1,};45;244726721;466544;85844456;5638142;59865073;5493759;1.000000;
